group,mean_antenna,mean_wing,cov_11,cov_12,cov_22
Apf,1.226667,1.926667,0.00394667,0.00434667,0.00778667
Af,1.413333,1.804444,0.00980000,0.00808333,0.01687778
